{
  "$schema": "http://schema.management.azure.com/schemas/2015-01-01/deploymentTemplate.json",
  "contentVersion": "1.0.0.0",
  "parameters": {
    "vmSku": {
      "type": "string",
      "defaultValue": "Standard_DS2_V2",
      "metadata": {
        "description": "Size of VMs in the VM Scale Set."
      }
    },
    "vmssName": {
      "type": "string",
      "metadata": {
        "description": "String used as a base for naming resources. Must be 3-61 characters in length and globally unique across Azure. A hash is prepended to this string for some resources, and resource-specific information is appended."
      },
      "maxLength": 61
    },
    "instanceCount": {
      "type": "int",
      "metadata": {
        "description": "Number of VM instances (100 or less)."
      },
      "defaultValue": 2,
      "maxValue": 100
    },
    "adminUsername": {
      "type": "string",
      "metadata": {
        "description": "Admin username on all VMs."
      }
    },
    "adminPassword": {
      "type": "securestring",
      "metadata": {
        "description": "Admin password on all VMs."
      }
    },
    "subnetId": {
      "type": "string"
    }
  },
  "variables": {
    "namingInfix": "[toLower(substring(concat(parameters('vmssName'), uniqueString(resourceGroup().id)), 0, 9))]",
    "publicIPAddressName": "[concat(variables('namingInfix'), 'pip')]",
    "loadBalancerName": "[concat(variables('namingInfix'), 'lb')]",
    "loadBalancerFrontEndName": "loadBalancerFrontEnd",
    "loadBalancerBackEndName": "loadBalancerBackEnd",
    "loadBalancerProbeName": "loadBalancerHttpProbe",
    "loadBalancerNatPoolName": "loadBalancerNatPool",
    "iloadBalancerName": "[concat(variables('namingInfix'), 'ilb')]",
    "ilbID": "[resourceId('Microsoft.Network/loadBalancers',variables('iloadBalancerName'))]",
    "ifrontEndIPConfigID": "[concat(variables('ilbID'),'/frontendIPConfigurations/loadBalancerFrontEnd')]",
    "bePoolName": "[concat(variables('namingInfix'), 'bepool')]",
    "computeApiVersion": "2017-03-30",
    "networkApiVersion": "2017-04-01"
  },
  "resources": [
    {
      "type": "Microsoft.Compute/virtualMachineScaleSets",
      "name": "[parameters('vmssName')]",
      "location": "[resourceGroup().location]",
      "apiVersion": "[variables('computeApiVersion')]",
      "dependsOn": [
        "[resourceId('Microsoft.Network/loadBalancers', variables('loadBalancerName'))]"
      ],
      "sku": {
        "name": "[parameters('vmSku')]",
        "capacity": "[parameters('instanceCount')]"
      },
      "properties": {
        "overprovision": "true",
        "upgradePolicy": {
          "mode": "Automatic"
        },
        "virtualMachineProfile": {
          "storageProfile": {
            "osDisk": {
              "createOption": "FromImage",
              "caching": "ReadWrite"
            },
            "imageReference": {
              "publisher": "MicrosoftWindowsServer",
              "offer": "WindowsServer",
              "sku": "2016-Datacenter",
              "version": "latest"
            }
          },
          "osProfile": {
            "computerNamePrefix": "[parameters('vmssName')]",
            "adminUsername": "[parameters('adminUsername')]",
            "adminPassword": "[parameters('adminPassword')]"
          },
          "networkProfile": {
            "networkInterfaceConfigurations": [
              {
                "name": "nic",
                "properties": {
                  "primary": "true",
                  "ipConfigurations": [
                    {
                      "name": "ipconfig",
                      "properties": {
                        "subnet": {
                          "id": "[parameters('subnetId')]"
                        },
                        "loadBalancerBackendAddressPools": [
                          {
                            "id": "[concat('/subscriptions/', subscription().subscriptionId,'/resourceGroups/', resourceGroup().name, '/providers/Microsoft.Network/loadBalancers/', variables('loadBalancerName'), '/backendAddressPools/', variables('loadBalancerBackEndName'))]"
                          },
                          {
                            "id": "[concat('/subscriptions/', subscription().subscriptionId,'/resourceGroups/', resourceGroup().name, '/providers/Microsoft.Network/loadBalancers/', variables('iloadBalancerName'), '/backendAddressPools/', variables('bePoolName'))]"
                          }
                        ],
                        "loadBalancerInboundNatPools": [
                          {
                            "id": "[concat('/subscriptions/', subscription().subscriptionId,'/resourceGroups/', resourceGroup().name, '/providers/Microsoft.Network/loadBalancers/', variables('loadBalancerName'), '/inboundNatPools/', variables('loadBalancerNatPoolName'))]"
                          }
                        ]
                      }
                    }
                  ]
                }
              }
            ]
          }
        }
      }
    },
    {
      "type": "Microsoft.Network/publicIPAddresses",
      "name": "[variables('publicIPAddressName')]",
      "location": "[resourceGroup().location]",
      "apiVersion": "[variables('networkApiVersion')]",
      "properties": {
        "publicIPAllocationMethod": "Dynamic",
        "dnsSettings": {
          "domainNameLabel": "[toLower(parameters('vmssName'))]"
        }
      }
    },
    {
      "type": "Microsoft.Network/loadBalancers",
      "name": "[variables('loadBalancerName')]",
      "location": "[resourceGroup().location]",
      "apiVersion": "[variables('networkApiVersion')]",
      "dependsOn": [
        "[concat('Microsoft.Network/publicIPAddresses/', variables('publicIPAddressName'))]"
      ],
      "properties": {
        "frontendIPConfigurations": [
          {
            "name": "[variables('loadBalancerFrontEndName')]",
            "properties": {
              "publicIPAddress": {
                "id": "[resourceId('Microsoft.Network/publicIPAddresses', variables('publicIPAddressName'))]"
              }
            }
          }
        ],
        "backendAddressPools": [
          {
            "name": "[variables('loadBalancerBackendName')]"
          }
        ],
        "loadBalancingRules": [
          {
            "name": "roundRobinLBRule",
            "properties": {
              "frontendIPConfiguration": {
                "id": "[concat(resourceId('Microsoft.Network/loadBalancers', variables('loadBalancerName')), '/frontendIPConfigurations/', variables('loadBalancerFrontEndName'))]"
              },
              "backendAddressPool": {
                "id": "[concat(resourceId('Microsoft.Network/loadBalancers', variables('loadBalancerName')), '/backendAddressPools/', variables('loadBalancerBackendName'))]"
              },
              "protocol": "tcp",
              "frontendPort": 80,
              "backendPort": 80,
              "enableFloatingIP": false,
              "idleTimeoutInMinutes": 5,
              "probe": {
                "id": "[concat(resourceId('Microsoft.Network/loadBalancers', variables('loadBalancerName')), '/probes/', variables('loadBalancerProbeName'))]"
              }
            }
          }
        ],
        "probes": [
          {
            "name": "[variables('loadBalancerProbeName')]",
            "properties": {
              "protocol": "tcp",
              "port": 80,
              "intervalInSeconds": "5",
              "numberOfProbes": "2"
            }
          }
        ],
        "inboundNatPools": [
          {
            "name": "[variables('loadBalancerNatPoolName')]",
            "properties": {
              "frontendIPConfiguration": {
                "id": "[concat(resourceId('Microsoft.Network/loadBalancers', variables('loadBalancerName')), '/frontendIPConfigurations/', variables('loadBalancerFrontEndName'))]"
              },
              "protocol": "tcp",
              "frontendPortRangeStart": "50000",
              "frontendPortRangeEnd": "50019",
              "backendPort": "3389"
            }
          }
        ]
      }
    },
    {
      "type": "Microsoft.Network/loadBalancers",
      "name": "[variables('iloadBalancerName')]",
      "location": "[resourceGroup().location]",
      "apiVersion": "[variables('networkApiVersion')]",
      "properties": {
        "frontendIPConfigurations": [
          {
            "name": "LoadBalancerFrontEnd",
            "properties": {
              "subnet": {
                "id": "[parameters('subnetId')]"
              }
            }
          }
        ],
        "backendAddressPools": [
          {
            "name": "[variables('bePoolName')]"
          }
        ],
        "loadBalancingRules": [
          {
            "properties": {
              "frontendIPConfiguration": {
                "id": "[variables('ifrontEndIPConfigID')]"
              },
              "backendAddressPool": {
                "id": "[concat(resourceId('Microsoft.Network/loadBalancers', variables('iloadBalancerName')), '/backendAddressPools/', variables('bePoolName'))]"
              },
              "probe": {
                "id": "[concat(resourceId('Microsoft.Network/loadBalancers', variables('iloadBalancerName')), '/probes/lbprobe')]"
              },
              "protocol": "Tcp",
              "frontendPort": 80,
              "backendPort": 80,
              "idleTimeoutInMinutes": 15
            },
            "name": "lbrule"
          }
        ],
        "probes": [
          {
            "properties": {
              "protocol": "Tcp",
              "port": 3389,
              "intervalInSeconds": 15,
              "numberOfProbes": 2
            },
            "name": "lbprobe"
          }
        ]
      }
    }
  ]
}
